"SAMPLE_NUM","SAMPLE_ID","QUADRAT","TYPE","UTM_X","UTM_Y","DESCRIPTION","FIELD_COMMENTS","SURVEY_YEAR","BOTTLE&KCL","BOTTLE&KCL&SOIL","EMPTY_PAN","FRESH_SOIL","DRY_SOIL&PAN","DRY_SOIL","DRY_WT","DRY_SOIL_IN_KCL","SOLUTION_VOL","NH4_mg_N_per_L","NO3_mg_N_per_L","pH_water","pH_CaCl2","pH_BaCl2","BrayP_mg_per_kg","NH4_mgN_per_kg","NO3_mgN_per_kg","Inorg_N_mgN_per_kg","Al_mg_per_kg","Ca_mg_per_kg","Fe_mg_per_kg","K_mg_per_kg","Mg_mg_per_kg","Mn_mg_per_kg","Na_mg_per_kg","Al_cmolc_per_kg","Ca_cmolc_per_kg","Fe_cmolc_per_kg","K_cmolc_per_kg","Mg_cmolc_per_kg","Mn_cmolc_per_kg","Na_cmolc_per_kg","TEB_cmolc_per_kg","ECEC_cmolc_per_kg","Base_sat_percent","Al_sat_percent","Ca_to_Mg_ratio"
"1","CB001","F22","base","336396.53","4169656.77","base pt plus extra 20 m S",,"2017-09-01","75.82","84.82","1.75","23.66","20.61","18.86","0.80","7.17","54.80","0.36","0.00","6.58","5.96","5.38","5.1390","1.3406","0.1388","1.4793","3.8540","6291.58","2.3888","292.84","733.34","68.4059","46.4145","0.0429","31.3951","0.0128","0.7490","6.0333","0.2490","0.2019","38.379","38.684","99.212","0.111","5.204"
"2","CB002","F22","extr","336396.88","4169636.42","extra 20 m S","0.5 m SE","2017-09-01","75.95","92.87","1.28","24.06","19.79","18.51","0.77","13.02","55.55","0.26","0.02","6.33","5.59","5.17","10.9430","0.2966","0.1564","0.4530","2.2283","4131.15","1.4477","288.65","431.82","43.0780","19.3491","0.0248","20.6145","0.0078","0.7382","3.5526","0.1568","0.0842","24.990","25.179","99.248","0.098","5.803"
"3","CB003","H22","base","336395.76","4169696.76","base point only","1 m W","2017-09-01","75.82","87.17","1.74","22.48","19.56","17.82","0.79","9.00","54.66","0.31","-0.04","6.05","5.40","5.06","5.9769","0.7624","0.0500","0.8124","5.5718","6070.70","3.6200","167.17","575.60","65.3993","23.4700","0.0620","30.2929","0.0195","0.4276","4.7355","0.2381","0.1021","35.558","35.878","99.109","0.173","6.397"
"4","CB004","J22","base","336396.73","4169736.45","base pt plus extra 20 m N",,"2017-09-01","76.07","85.02","1.52","15.53","13.63","12.11","0.78","6.98","53.42","0.33","-0.02","6.00","5.07","4.81","6.0134","1.1061","0.0500","1.1561","9.2040","4836.14","6.6613","164.84","473.39","30.7842","24.1961","0.1023","24.1324","0.0358","0.4216","3.8946","0.1121","0.1052","28.554","28.804","99.131","0.355","6.196"
"5","CB005","J22","extr","336395.32","4169757.86","extra 20 m N","2 m NW","2017-09-01","75.70","92.51","1.87","25.70","21.53","19.66","0.76","12.86","56.04","0.47","-0.01","6.70","5.72","5.61","3.8454","1.2268","0.0529","1.2796","1.6083","3820.17","1.1683","150.99","281.00","20.3848","16.5142","0.0179","19.0627","0.0063","0.3862","2.3118","0.0742","0.0718","21.833","21.931","99.552","0.082","8.246"
"6","CB006","L22","base","336396.61","4169776.64","base point only",,"2017-09-01","75.85","89.42","1.97","17.08","15.07","13.10","0.77","10.41","53.98","0.64","-0.03","5.52","4.75","4.44","14.8327","2.3365","0.0500","2.3865","39.6217","2291.57","8.8786","193.13","245.81","38.9907","20.1548","0.4406","11.4350","0.0477","0.4939","2.0223","0.1419","0.0877","14.039","14.669","95.704","3.003","5.654"
"7","CB007","N22","base","336399.45","4169819.49","base pt plus extra 2 m SW","4 m NE","2017-09-01","75.96","90.04","1.70","18.14","15.33","13.63","0.75","10.58","54.51","0.78","-0.02","7.07","6.28","6.18","8.7999","3.0425","0.0500","3.0925","1.3935","2968.40","2.2302","306.14","246.92","10.9330","17.3953","0.0155","14.8124","0.0120","0.7830","2.0315","0.0398","0.0757","17.702","17.770","99.621","0.087","7.292"
"8","CB008","N22","extr","336395.22","4169815.26","extra 2 m SW",,"2017-09-01","76.20","90.80","1.60","22.50","19.62","18.02","0.80","11.69","54.48","1.31","-0.03","7.02","6.08","5.84","12.1044","5.2393","0.0500","5.2893","5.9413","2415.40","1.2389","303.83","190.41","48.5253","19.4079","0.0661","12.0529","0.0067","0.7771","1.5665","0.1766","0.0844","14.481","14.730","98.307","0.448","7.694"
"9","CB009","P22","base","336394.35","4169859.16","base point only","3.5 m NW","2017-09-01","76.02","95.69","1.68","28.66","22.03","20.35","0.71","13.97","58.31","0.96","0.03","6.39","5.43","5.20","24.3286","3.2168","0.2198","3.4366","2.8223","3306.45","1.7819","146.97","181.17","41.5456","17.4429","0.0314","16.4992","0.0096","0.3759","1.4905","0.1512","0.0759","18.441","18.634","98.969","0.168","11.070"
"10","CB010","R22","base","336397.38","4169897.35","base pt plus extra 8 m NE","1 m NE","2017-09-01","76.15","87.60","1.48","21.58","16.82","15.34","0.71","8.14","56.24","0.93","-0.02","7.55","6.74","7.05","14.7832","5.1236","0.0500","5.1736","2.4096","5320.44","1.0415","380.76","291.17","1.7453","13.4382","0.0268","26.5491","0.0056","0.9738","2.3955","0.0064","0.0585","29.977","30.016","99.871","0.089","11.083"
"11","CB011","R22","extr","336402.37","4169902.34","extra 8 m NE",,"2017-09-01","75.99","93.66","1.74","27.26","21.11","19.37","0.71","12.56","57.89","1.12","-0.04","6.61","5.74","5.73","7.6239","4.3179","0.0500","4.3679","2.4891","4124.44","1.0262","235.28","339.51","22.2795","14.7947","0.0277","20.5810","0.0055","0.6017","2.7932","0.0811","0.0644","24.040","24.155","99.527","0.115","7.368"
"12","CB012","T22","base","336396.68","4169936.65","base point only",,"2017-09-01","75.97","85.60","2.03","26.87","22.63","20.60","0.77","7.38","56.27","0.73","-0.03","8.06","7.19","7.24","3.5994","4.1348","0.0500","4.1848","3.3131","4586.22","0.7570","210.65","532.48","0.1460","10.3088","0.0368","22.8853","0.0041","0.5387","4.3807","0.0005","0.0448","27.850","27.891","99.851","0.132","5.224"
"13","CB013","V22","base","336396.72","4169976.70","base pt plus 20 m SE",,"2017-09-01","75.85","86.83","1.94","16.95","14.29","12.35","0.73","8.00","54.60","0.42","-0.03","7.41","6.51","6.59","5.1295","1.6004","0.0500","1.6504","4.0228","5115.16","0.6711","238.23","765.37","2.6682","14.5360","0.0447","25.5248","0.0036","0.6093","6.2967","0.0097","0.0632","32.494","32.552","99.822","0.137","4.054"
"14","CB014","V22","extr","336410.82","4169962.60","extra 20 m SE",,"2017-09-01","75.88","85.56","1.53","23.46","19.43","17.90","0.76","7.39","55.56","0.48","-0.02","6.57","5.67","5.71","4.5278","2.2079","0.0500","2.2579","3.1518","4094.66","1.2390","187.50","414.39","26.0076","13.7801","0.0350","20.4324","0.0067","0.4795","3.4092","0.0947","0.0599","24.381","24.517","99.444","0.143","5.993"
"15","CB015","F24","base","336436.63","4169655.79","base point only",,"2017-09-01","75.92","83.82","1.56","17.91","11.34","9.78","0.55","4.31","58.13","0.59","-0.03","6.89","6.00","5.96","27.2130","5.3833","0.0500","5.4333","4.7281","10851.95","2.1809","338.27","861.49","3.1104","7.9865","0.0526","54.1514","0.0117","0.8652","7.0875","0.0113","0.0347","62.139","62.214","99.879","0.084","7.640"
"16","CB016","H24","base","336436.63","4169695.74","base pt plus extra 2 m NE",,"2017-09-01","75.98","86.86","1.70","23.91","21.07","19.37","0.81","8.81","54.54","0.22","-0.03","8.52","7.31","7.48","3.2357","0.1764","0.0500","0.2264","1.3516","5905.44","1.1935","139.88","347.98","0.0257","9.5174","0.0150","29.4683","0.0064","0.3578","2.8628","0.0001","0.0414","32.730","32.752","99.934","0.046","10.293"
"17","CB017","H24","extr","336438.03","4169697.14","extra 2 m NE",,"2017-09-01","75.96","91.39","1.65","21.31","17.93","16.28","0.76","11.79","55.03","0.37","0.03","8.52","7.32","7.61","6.0802","0.8473","0.2272","1.0745","1.1318","7021.45","0.2017","274.83","605.60","0.0395","7.6104","0.0126","35.0372","0.0011","0.7029","4.9823","0.0001","0.0331","40.755","40.769","99.966","0.031","7.032"
"18","CB018","J24","base","336436.71","4169735.75","base point only",,"2017-09-01","75.73","86.88","1.94","20.11","17.36","15.42","0.77","8.55","54.69","0.32","-0.07","8.40","7.29","7.60","11.2083","0.8092","0.0500","0.8592","1.4366","7938.93","0.6207","146.89","695.98","0.2371","8.9329","0.0160","39.6154","0.0033","0.3757","5.7259","0.0009","0.0389","45.756","45.776","99.956","0.035","6.919"
"19","CB019","L24","base","336437.42","4169775.05","base pt plus extra 20 m NW","1 m SE","2017-09-01","76.00","90.57","1.65","20.86","17.11","15.46","0.74","10.80","55.40","-0.07","0.01","7.22","6.23","6.24","6.4993","0.0500","0.1460","0.1960","4.0445","6195.21","1.2954","213.01","594.94","17.7100","10.0090","0.0450","30.9142","0.0070","0.5448","4.8946","0.0645","0.0435","36.397","36.514","99.681","0.123","6.316"
"20","CB020","L24","extr","336422.61","4169789.86","extra 20 m NW",,"2017-09-01","75.90","89.47","1.81","18.82","17.42","15.61","0.83","11.26","53.21","0.30","-0.03","6.28","5.37","5.33","6.4409","0.5082","0.0500","0.5582","4.7353","5181.17","2.4659","213.36","478.00","35.6532","8.7138","0.0527","25.8542","0.0133","0.5457","3.9325","0.1298","0.0379","30.370","30.566","99.360","0.172","6.574"
"21","CB021","N24","base","336438.48","4169815.79","base point only","2 m E","2017-09-01","75.92","92.97","1.72","21.78","20.34","18.62","0.85","14.58","53.16","0.25","0.03","6.47","5.42","5.20","4.4955","0.2134","0.2030","0.4163","3.2414","3980.64","1.4939","172.58","340.73","18.6255","7.9371","0.0360","19.8634","0.0080","0.4414","2.8032","0.0678","0.0345","23.143","23.254","99.519","0.155","7.086"
"22","CB022","P24","base","336436.63","4169855.56","base pt plus extra 20 m NW",,"2017-09-01","76.06","92.12","1.59","21.66","18.27","16.68","0.77","12.37","54.98","0.26","0.00","6.12","5.03","4.75","27.9736","0.3090","0.0744","0.3834","6.9165","2479.66","1.8337","292.63","198.44","37.4913","6.6181","0.0769","12.3735","0.0099","0.7484","1.6326","0.1365","0.0288","14.783","15.007","98.512","0.512","7.579"
"23","CB023","P24","extr","336422.53","4169869.66","extra 20 m NW",,"2017-09-01","76.01","84.24","1.91","21.54","17.90","15.99","0.74","6.11","55.55","0.32","0.02","6.13","5.18","4.90","26.7766","1.2411","0.4061","1.6472","6.7481","2609.03","2.2771","210.78","193.74","38.4989","8.4224","0.0750","13.0191","0.0122","0.5391","1.5939","0.1401","0.0366","15.189","15.416","98.525","0.487","8.168"
"24","CB024","R24","base","336436.67","4169895.76","base point only",,"2017-09-01","75.85","90.37","1.24","23.12","17.55","16.31","0.71","10.24","56.81","0.72","0.01","7.27","6.37","6.38","9.1467","2.9589","0.1867","3.1456","1.2726","6739.78","0.5121","270.50","518.99","1.9054","4.5381","0.0142","33.6316","0.0028","0.6918","4.2698","0.0069","0.0197","38.613","38.637","99.938","0.037","7.877"
"25","CB025","T24","base","336437.69","4169935.74","base pt plus extra 8 m SW","1 m E","2017-09-01","76.11","86.83","1.45","24.13","18.32","16.87","0.70","7.49","57.26","0.52","-0.03","7.90","6.87","6.93","8.1154","2.4945","0.0500","2.5445","2.5676","6257.94","1.4407","307.27","591.02","0.2940","2.4604","0.0286","31.2273","0.0077","0.7859","4.8624","0.0011","0.0107","36.886","36.924","99.899","0.077","6.422"
"26","CB026","T24","extr","336430.99","4169930.04","extra 8 m SW",,"2017-09-01","76.02","87.07","1.62","21.12","16.53","14.91","0.71","7.80","56.21","0.23","-0.01","7.24","6.74","6.82","5.0591","0.3062","0.0957","0.4019","0.6559","5011.52","0.5475","245.53","615.51","4.3451","8.2013","0.0073","25.0076","0.0029","0.6280","5.0638","0.0158","0.0357","30.735","30.761","99.915","0.024","4.939"
"27","CB027","V24","base","336436.68","4169975.77","base point only",,"2017-09-01","75.87","85.72","1.69","31.03","25.70","24.01","0.77","7.62","57.02","0.35","-0.01","7.93","7.21","7.21","7.6510","1.2082","0.0893","1.2975","0.5537","5880.37","1.1784","347.55","520.73","0.0604","5.5222","0.0062","29.3431","0.0063","0.8889","4.2841","0.0002","0.0240","34.540","34.553","99.963","0.018","6.849"
"28","CB028","F26","base","336477.98","4169654.19","base pt plus extra 20 m SE","1.5 m E","2017-09-01","75.97","85.43","1.59","19.30","14.71","13.12","0.68","6.43","56.18","0.94","-0.02","7.86","7.20","7.24","29.8421","6.6001","0.0500","6.6501","0.4369","11451.81","0.7862","346.13","920.14","1.3654","7.7431","0.0049","57.1447","0.0042","0.8852","7.5700","0.0050","0.0337","65.634","65.648","99.979","0.007","7.549"
"29","CB029","F26","extr","336490.58","4169640.09","extra 20 m SE",,"2017-09-01","75.88","85.71","1.62","19.50","15.12","13.50","0.69","6.81","56.00","0.52","-0.01","7.93","7.13","7.37","10.2327","2.6867","0.1169","2.8036","0.2405","9034.77","1.0008","222.93","775.33","0.1774","6.8416","0.0027","45.0837","0.0054","0.5701","6.3787","0.0006","0.0298","52.062","52.071","99.983","0.005","7.068"
"30","CB030","H26","base","336476.71","4169694.67","base point only",,"2017-09-01","75.63","85.41","1.81","21.42","19.30","17.49","0.82","7.99","53.93","0.26","0.03","8.69","7.52","7.62","1.0208","0.4559","0.3219","0.7777","0.1000","5049.43","0.3803","111.40","412.53","0.0100","7.9038","0.0100","25.1968","0.0020","0.2849","3.3939","0.0000","0.0344","28.910","28.912","99.993","0.000","7.424"
"31","CB031","J26","base","336476.64","4169736.39","base pt plus extra 2 m S","1.5 m N","2017-09-01","75.78","88.03","1.77","25.87","19.95","18.18","0.70","8.61","57.69","0.70","0.03","7.97","7.21","7.52","14.5472","3.4211","0.3328","3.7539","0.1000","9558.47","0.5103","237.34","877.35","0.4328","9.7341","0.0100","47.6970","0.0027","0.6070","7.2180","0.0016","0.0423","55.564","55.569","99.992","0.000","6.608"
"32","CB032","J26","extr","336477.70","4169733.95","extra 2 m S","1.5 m NE","2017-09-01","75.82","84.81","1.78","20.49","15.79","14.01","0.68","6.15","56.48","0.80","0.02","7.48","6.80","7.28","17.1011","5.6554","0.3552","6.0107","2.4166","11506.79","2.3939","257.07","795.48","7.7675","9.1253","0.0269","57.4191","0.0129","0.6575","6.5445","0.0283","0.0397","64.661","64.729","99.895","0.042","8.774"
"33","CB033","L26","base","336476.67","4169774.91","base point only",,"2017-09-01","76.10","89.15","1.66","20.19","16.57","14.91","0.74","9.64","55.28","0.44","0.08","8.14","7.25","7.17","12.7005","1.4541","0.5831","2.0372","0.1000","6492.13","0.3856","238.68","629.04","0.4732","8.8664","0.0100","32.3959","0.0021","0.6104","5.1752","0.0017","0.0386","38.220","38.224","99.990","0.000","6.260"
"34","CB034","N26","base","336476.65","4169814.88","base pt plus extra 2 m W",,"2017-09-01","76.03","88.03","1.76","19.24","17.55","15.79","0.82","9.85","53.45","0.49","0.04","7.46","6.52","6.60","28.1436","1.6255","0.3509","1.9764","1.5147","6321.05","1.5078","368.73","492.42","9.8470","6.8045","0.0168","31.5422","0.0081","0.9430","4.0512","0.0358","0.0296","36.566","36.627","99.834","0.046","7.786"
"35","CB035","N26","extr","336474.65","4169814.88","extra 2 m W",,"2017-09-01","75.63","83.87","1.57","20.24","17.03","15.46","0.76","6.29","54.78","0.58","0.01","6.95","6.11","6.24","21.3425","3.3726","0.2430","3.6157","2.6995","8051.06","3.3762","459.37","653.14","22.9431","9.8008","0.0300","40.1750","0.0181","1.1749","5.3734","0.0835","0.0426","46.766","46.898","99.719","0.064","7.477"
"36","CB036","P26","base","336476.64","4169854.91","base point only",,"2017-09-01","75.88","84.81","1.62","20.31","18.32","16.70","0.82","7.34","53.61","0.43","-0.01","5.81","4.84","4.64","14.3768","1.7486","0.0778","1.8264","24.3138","2482.05","3.5322","154.13","283.73","54.0304","8.8658","0.2704","12.3855","0.0190","0.3942","2.3343","0.1967","0.0386","15.153","15.639","96.892","1.729","5.306"
"37","CB037","R26","base","336477.64","4169894.83","base pt plus extra 2 m S","1 m E","2017-09-01","75.79","86.89","1.60","21.35","17.17","15.57","0.73","8.09","55.78","1.16","-0.04","7.64","6.92","7.07","9.9797","6.7081","0.0500","6.7581","1.1826","7672.20","0.7696","419.33","774.33","0.5590","5.2414","0.0131","38.2844","0.0041","1.0725","6.3704","0.0020","0.0228","45.750","45.769","99.958","0.029","6.010"
"38","CB038","R26","extr","336476.64","4169892.83","extra point 2 m S",,"2017-09-01","75.85","87.58","1.62","17.42","13.95","12.33","0.71","8.30","55.09","0.72","-0.01","8.10","7.13","7.18","10.2014","3.5466","0.0575","3.6040","0.6591","6593.67","0.6286","345.80","694.35","0.1648","2.6348","0.0073","32.9026","0.0034","0.8844","5.7125","0.0006","0.0115","39.511","39.522","99.971","0.018","5.760"
"39","CB039","T26","base","336476.66","4169934.84","base point only",,"2017-09-01","75.85","88.87","1.46","23.41","19.58","18.12","0.77","10.08","55.29","0.67","0.01","8.05","7.09","7.33","7.1241","2.6471","0.1956","2.8428","1.0574","5546.13","0.2899","195.85","536.54","0.3183","5.1827","0.0118","27.6753","0.0016","0.5009","4.4142","0.0012","0.0225","32.613","32.627","99.956","0.036","6.270"
"40","CB040","V26","base","336476.60","4169974.70","base pt plus extra 2 m W",,"2017-09-01","75.89","90.54","1.62","21.34","17.87","16.25","0.76","11.16","55.09","0.69","-0.02","7.05","6.35","6.52","6.1269","2.4815","0.0500","2.5315","1.7139","5223.93","1.7596","261.59","551.24","19.2480","3.4461","0.0191","26.0675","0.0095","0.6690","4.5351","0.0701","0.0150","31.287","31.385","99.686","0.061","5.748"
"41","CB041","V26","extr","336474.60","4169974.70","extra 2 m W",,"2017-09-01","75.89","89.01","1.44","19.05","16.28","14.84","0.78","10.22","54.21","0.52","-0.05","8.24","6.96","7.22","6.3823","1.7318","0.0500","1.7818","1.3265","5112.74","1.3526","293.98","512.22","0.4840","3.3879","0.0148","25.5127","0.0073","0.7519","4.2141","0.0018","0.0147","30.493","30.517","99.922","0.048","6.054"
"42","CB042","F28","base","336516.36","4169654.01","base point only",,"2017-09-01","75.84","86.57","1.40","18.87","15.91","14.51","0.77","8.25","54.36","0.58","-0.02","8.53","7.42","7.47","8.4225","2.6057","0.0500","2.6557","0.6476","7178.77","0.5706","182.83","829.57","0.1143","2.6309","0.0072","35.8222","0.0031","0.4676","6.8249","0.0004","0.0114","43.126","43.137","99.975","0.017","5.249"
"43","CB043","H28","base","336516.75","4169693.98","base pt plus extra 8 m N",,"2017-09-01","76.17","85.46","1.52","18.72","13.91","12.39","0.66","6.15","56.33","0.65","-0.04","8.60","7.44","7.36","11.5876","4.2188","0.0500","4.2688","0.1667","8054.59","0.2641","191.93","668.89","0.0100","2.6783","0.0019","40.1926","0.0014","0.4909","5.5030","0.0000","0.0116","46.198","46.201","99.993","0.004","7.304"
"44","CB044","H28","extr","336516.75","4169701.98","extra 8 m N",,"2017-09-01","76.06","85.08","1.69","18.12","14.79","13.10","0.72","6.52","55.02","0.67","-0.03","7.74","6.97","7.06","11.9644","4.0288","0.0500","4.0788","2.7317","7355.44","7.7201","207.13","836.04","2.2823","6.7592","0.0304","36.7038","0.0415","0.5297","6.8781","0.0083","0.0294","44.141","44.221","99.819","0.069","5.336"
"45","CB045","J28","base","336516.67","4169733.94","base point only",,"2017-09-01","75.99","90.26","1.62","20.22","17.45","15.83","0.78","11.17","54.39","0.81","0.01","8.36","7.28","7.16","11.3243","3.0063","0.1590","3.1653","0.5424","3008.57","0.2863","166.55","334.04","0.2186","3.2531","0.0060","15.0128","0.0015","0.4259","2.7481","0.0008","0.0142","18.201","18.209","99.954","0.033","5.463"
"46","CB046","L28","base","336516.77","4169773.93","base pt plus extra 2 m NW",,"2017-09-01","75.43","88.09","1.62","20.24","14.74","13.12","0.65","8.21","57.12","1.03","-0.02","7.06","6.08","6.00","22.0604","5.8571","0.0500","5.9071","1.6631","6790.85","0.6712","368.60","738.80","2.4481","3.3505","0.0185","33.8865","0.0036","0.9427","6.0781","0.0089","0.0146","40.922","40.953","99.924","0.045","5.575"
"47","CB047","L28","extr","336515.37","4169775.33","extra 2 m NW",,"2017-09-01","75.67","89.41","1.69","20.50","14.83","13.14","0.64","8.81","57.36","0.66","0.01","7.11","6.27","6.45","26.2423","3.0709","0.2127","3.2836","1.9027","9209.47","1.0780","246.56","867.13","2.5108","4.0427","0.0212","45.9554","0.0058","0.6306","7.1340","0.0091","0.0176","53.738","53.774","99.933","0.039","6.442"
"48","CB048","N28","base","336516.67","4169813.89","base point only",,"2017-09-01","75.76","87.62","1.50","19.25","16.48","14.98","0.78","9.23","54.27","0.58","-0.04","7.99","7.21","7.16","14.0457","2.2845","0.0500","2.3345","0.7964","7790.32","0.4492","358.85","613.29","0.1790","0.2086","0.0089","38.8739","0.0024","0.9178","5.0456","0.0007","0.0009","44.838","44.850","99.973","0.020","7.705"
"49","CB049","P28","base","336516.69","4169853.93","base pt plus extra 8 m SW",,"2017-09-01","75.51","83.16","1.63","19.49","15.46","13.83","0.71","5.43","55.66","0.51","0.04","8.38","7.30","7.21","9.9027","3.2760","0.5810","3.8569","1.3388","6982.90","1.4497","212.26","746.79","0.1032","2.5738","0.0149","34.8448","0.0078","0.5429","6.1439","0.0004","0.0112","41.543","41.566","99.945","0.036","5.672"
"50","CB050","P28","extr","336510.99","4169848.23","extra 8 m SW",,"2017-09-01","75.52","83.95","1.67","18.14","15.62","13.95","0.77","6.48","54.19","0.68","0.00","7.86","6.97","7.25","13.7685","4.1252","0.1895","4.3147","1.7435","7633.78","1.4226","347.07","694.99","2.4334","5.3367","0.0194","38.0927","0.0076","0.8876","5.7177","0.0089","0.0232","44.721","44.757","99.920","0.043","6.662"
"51","CB051","R28","base","336516.77","4169893.92","base point only",,"2017-09-01","75.29","83.29","1.37","19.30","14.82","13.45","0.70","5.58","55.85","0.81","0.00","7.74","6.92","7.11","14.9703","6.2661","0.1827","6.4488","5.6324","8327.22","1.0747","418.40","637.92","0.3994","9.9744","0.0626","41.5530","0.0058","1.0701","5.2483","0.0015","0.0434","47.915","47.985","99.854","0.130","7.918"
"52","CB052","T28","base","336516.60","4169933.83","base pt plus extra 20 m SE",,"2017-09-01","75.92","85.62","1.42","22.93","18.91","17.49","0.76","7.40","55.44","0.46","0.00","8.02","7.17","7.32","8.2451","2.0194","0.1366","2.1560","5.0676","6921.00","0.4686","323.53","572.00","0.2664","15.0948","0.0564","34.5359","0.0025","0.8274","4.7059","0.0010","0.0657","40.135","40.195","99.851","0.140","7.339"
"53","CB053","V28","base","336516.68","4169973.89","base point only",,"2017-09-01","75.82","85.31","1.80","18.64","15.86","14.06","0.75","7.16","54.58","0.55","0.04","7.62","6.93","7.30","11.0556","2.7182","0.4625","3.1807","6.5583","8563.66","1.2264","233.45","589.02","0.7338","8.7436","0.0729","42.7328","0.0066","0.5971","4.8459","0.0027","0.0380","48.214","48.296","99.830","0.151","8.818"
"54","CB054","V28","extr","336530.78","4169919.79","extra 20 m SE",,"2017-09-01","75.54","85.02","1.63","19.40","16.84","15.21","0.78","7.43","54.19","0.55","0.02","8.32","7.30","7.45","8.3429","2.6575","0.3402","2.9977","3.6972","4475.20","0.6234","173.10","384.07","0.1479","4.6233","0.0411","22.3313","0.0033","0.4427","3.1597","0.0005","0.0201","25.954","25.999","99.827","0.158","7.067"
"55","CB055","F30","base","336551.42","4169653.67","base pt plus extra 8 m W",,"2017-09-01","75.51","95.77","1.83","18.61","17.40","15.57","0.84","16.95","53.04","0.20","-0.04","8.93","7.76","7.58","0.3831","0.0500","0.0500","0.1000","5.1213","6774.11","0.6060","202.71","1221.67","2.6681","12.2702","0.0569","33.8029","0.0033","0.5184","10.0508","0.0097","0.0534","44.426","44.495","99.843","0.128","3.363"
"56","CB056","F30","extr","336543.42","4169653.67","extra 8 m W",,"2017-09-01","76.53","84.33","1.67","19.96","18.76","17.09","0.86","6.68","52.87","0.07","0.04","8.93","7.67","7.71","3.3919","0.0500","0.4881","0.5381","7.0707","2347.90","0.4093","113.22","200.92","0.0081","7.3917","0.0786","11.7161","0.0022","0.2896","1.6530","0.0000","0.0322","13.691","13.772","99.413","0.571","7.088"
"57","CB057","H30","base","336556.71","4169692.88","base point only",,"2017-09-01","75.98","85.86","1.65","22.80","20.95","19.30","0.85","8.36","53.50","0.25","0.00","8.73","7.62","7.71","5.6193","0.4190","0.1629","0.5819","0.5301","2580.27","0.1000","89.17","175.11","0.1502","4.7065","0.0059","12.8756","0.0000","0.2281","1.4406","0.0005","0.0205","14.565","14.571","99.956","0.040","8.938"
"58","CB058","J30","base","336556.74","4169733.01","base pt plus extra 20 m N",,"2017-09-01","76.05","82.50","1.44","17.36","14.96","13.52","0.78","5.02","53.84","0.35","-0.05","8.09","7.27","7.36","10.3841","1.7524","0.0500","1.8024","1.2798","5733.47","0.3108","297.49","959.05","0.4080","6.7119","0.0142","28.6101","0.0017","0.7608","7.8901","0.0015","0.0292","37.290","37.308","99.953","0.038","3.626"
"59","CB059","J30","extr","336556.74","4169753.01","extra 20 m N",,"2017-09-01","76.14","86.03","1.90","19.71","16.37","14.47","0.73","7.26","55.24","0.42","-0.02","7.71","6.98","7.21","11.5797","1.7461","0.0500","1.7961","2.8608","5414.52","1.3733","370.60","642.23","4.3628","4.6727","0.0318","27.0186","0.0074","0.9478","5.2837","0.0159","0.0203","33.270","33.325","99.835","0.096","5.114"
"60","CB060","L30","base","336556.72","4169773.04","base point only",,"2017-09-01","76.15","88.68","1.62","19.42","16.26","14.64","0.75","9.45","54.78","0.68","0.03","7.69","6.99","7.25","10.0900","2.8794","0.3170","3.1964","1.0598","6556.57","0.3796","184.72","503.96","1.0927","2.7449","0.0118","32.7174","0.0020","0.4724","4.1461","0.0040","0.0119","37.348","37.366","99.952","0.032","7.891"
"61","CB061","N30","base","336556.68","4169813.02","base pt plus extra 2 m SW",,"2017-09-01","75.95","90.71","1.52","17.65","15.78","14.26","0.81","11.93","53.39","0.48","-0.04","8.83","7.58","7.51","2.3864","1.2916","0.0500","1.3416","0.2815","1473.12","0.1000","80.34","70.98","0.0436","2.5727","0.0031","7.3509","0.0000","0.2055","0.5840","0.0002","0.0112","8.152","8.155","99.960","0.038","12.588"
"62","CB062","N30","extr","336555.28","4169811.62","extra 2 m SW",,"2017-09-01","76.62","91.04","1.35","18.27","16.22","14.87","0.81","11.74","53.40","0.54","0.02","8.74","7.60","7.54","3.5415","1.5856","0.1941","1.7797","0.4116","2212.27","0.1994","86.08","88.84","0.0481","3.9779","0.0046","11.0393","0.0011","0.2202","0.7309","0.0002","0.0173","12.008","12.013","99.951","0.038","15.104"
"63","CB063","P30","base","336556.72","4169853.00","base point only",,"2017-09-01","76.00","84.27","1.63","18.97","17.80","16.17","0.85","7.05","52.80","0.30","-0.01","8.77","7.58","7.71","4.4947","0.8726","0.1125","0.9851","0.6079","4855.47","0.1000","158.14","297.52","0.0102","5.2285","0.0068","24.2289","0.0000","0.4045","2.4477","0.0000","0.0227","27.104","27.111","99.975","0.025","9.899"
"64","CB064","R30","base","336556.67","4169893.00","base pt plus extra 20 m S",,"2017-09-01","75.92","82.13","1.47","19.50","14.72","13.25","0.68","4.22","56.25","0.55","-0.02","7.91","7.17","7.47","8.0203","4.7790","0.0500","4.8290","2.6206","7359.17","1.2057","253.06","348.48","0.5262","7.6824","0.0291","36.7224","0.0065","0.6472","2.8670","0.0019","0.0334","40.270","40.308","99.907","0.072","12.809"
"65","CB065","R30","extr","336556.67","4169873.00","extra 20 m S",,"2017-09-01","76.29","84.34","1.72","18.46","15.02","13.30","0.72","5.80","55.16","0.47","0.00","8.44","7.53","7.63","8.3788","2.6772","0.2284","2.9056","1.2081","6002.36","0.1000","226.48","1289.30","0.2136","5.7753","0.0134","29.9519","0.0005","0.5792","10.6071","0.0008","0.0251","41.163","41.178","99.964","0.033","2.824"
"66","CB066","T30","base","336556.68","4169933.01","base point only",,"2017-09-01","76.36","83.26","1.55","18.33","14.01","12.46","0.68","4.69","55.87","0.46","-0.03","7.77","7.03","7.46","10.3743","3.2102","0.0500","3.2602","3.4929","8307.71","1.6156","203.70","740.37","1.1241","4.5258","0.0388","41.4556","0.0087","0.5210","6.0910","0.0041","0.0197","48.087","48.139","99.893","0.081","6.806"
"67","CB067","V30","base","336556.68","4169972.97","base pt plus extra 8 m S",,"2017-09-01","76.94","89.07","1.47","18.03","16.22","14.75","0.82","9.92","53.28","0.89","0.02","7.71","7.11","7.29","14.4276","3.7504","0.2398","3.9901","3.8130","11606.33","1.9281","437.11","726.25","4.0991","5.3180","0.0424","57.9158","0.0104","1.1179","5.9749","0.0149","0.0231","65.032","65.099","99.896","0.065","9.693"
"68","CB068","V30","extr","336556.68","4169964.97","extra 8 m S",,"2017-09-01","76.71","83.76","1.48","19.12","15.85","14.37","0.75","5.30","54.75","0.55","-0.05","7.91","6.99","7.35","8.2994","3.7250","0.0500","3.7750","2.3164","7939.69","0.8359","189.76","473.57","2.0216","1.3092","0.0258","39.6192","0.0045","0.4853","3.8961","0.0074","0.0057","44.006","44.044","99.915","0.058","10.169"
"69","CB069","H32","base","336596.60","4169692.09","base pt plus extra 8 m S",,"2017-09-01","76.25","88.90","1.64","21.10","20.74","19.10","0.91","11.45","52.00","0.34","0.05","9.19","7.92","7.91","1.6187","0.6744","0.3209","0.9952","0.5567","1080.21","0.1000","80.86","261.99","0.0356","3.8216","0.0062","5.3902","0.0004","0.2068","2.1554","0.0001","0.0166","7.769","7.776","99.913","0.080","2.501"
"70","CB070","H32","extr","336596.60","4169684.09","extra 8 m S",,"2017-09-01","76.14","90.48","1.55","19.52","18.03","16.48","0.84","12.11","53.04","0.36","-0.04","8.82","7.73","7.82","3.1769","0.7645","0.0500","0.8145","1.0206","3866.65","0.2348","123.46","664.99","0.0456","0.1000","0.0113","19.2947","0.0013","0.3157","5.4709","0.0002","0.0000","25.081","25.094","99.949","0.045","3.527"
"71","CB071","J32","base","336596.69","4169732.07","base point only",,"2017-09-01","76.26","89.45","1.62","18.28","12.68","11.06","0.61","7.98","57.22","0.42","-0.05","8.27","7.41","7.28","11.3320","1.6455","0.0500","1.6955","2.3563","9131.03","1.0839","150.81","1352.65","0.8967","0.6446","0.0262","45.5640","0.0058","0.3857","11.1284","0.0033","0.0028","57.081","57.116","99.938","0.046","4.094"
"72","CB072","L32","base","336596.73","4169772.12","base pt plus extra 2 m NW",,"2017-09-01","76.61","87.70","1.47","18.91","15.89","14.42","0.76","8.46","54.49","0.63","-0.02","8.06","7.17","7.35","7.4582","2.8319","0.0500","2.8819","3.6535","5963.97","2.2164","137.67","584.55","1.5149","0.1000","0.0406","29.7603","0.0119","0.3521","4.8091","0.0055","0.0000","34.922","34.980","99.834","0.116","6.188"
"73","CB073","L32","extr","336595.33","4169773.52","extra 2 m NW",,"2017-09-01","76.01","88.50","1.30","19.97","17.72","16.42","0.82","10.27","53.55","0.24","0.02","8.92","7.50","7.57","3.4631","0.2738","0.1912","0.4649","1.1666","3569.59","0.3785","84.07","295.11","0.0926","0.1000","0.0130","17.8123","0.0020","0.2150","2.4279","0.0003","0.0000","20.455","20.471","99.925","0.063","7.336"
"74","CB074","N32","base","336596.64","4169812.04","base point only",,"2017-09-01","76.36","86.92","1.65","20.75","18.88","17.23","0.83","8.77","53.52","0.28","0.03","8.83","7.51","7.79","4.7296","0.5280","0.3275","0.8555","1.3524","3013.86","0.3305","136.38","303.39","0.0432","0.1000","0.0150","15.0392","0.0018","0.3488","2.4960","0.0002","0.0000","17.884","17.901","99.905","0.084","6.025"
"75","CB075","P32","base","336595.97","4169851.40","base pt plus extra 20 m S","1 m SW","2017-09-01","76.51","89.50","1.50","20.33","18.36","16.86","0.83","10.77","53.47","0.35","-0.02","8.64","7.44","7.58","4.3894","0.8165","0.0500","0.8665","1.5489","4220.71","0.6575","129.17","393.47","0.3072","4.1278","0.0172","21.0614","0.0035","0.3304","3.2371","0.0011","0.0180","24.647","24.669","99.911","0.070","6.506"
"76","CB076","P32","extr","336596.68","4169832.11","extra 20 m S",,"2017-09-01","76.04","81.43","1.31","17.15","13.47","12.16","0.71","3.82","54.99","0.53","-0.02","8.15","7.37","7.41","17.7661","4.9713","0.0500","5.0213","2.8499","11869.69","1.8844","226.58","1443.32","0.6229","9.4391","0.0317","59.2300","0.0101","0.5795","11.8743","0.0023","0.0411","71.725","71.769","99.939","0.044","4.988"
"77","CB077","R32","base","336596.67","4169892.07","base point only",,"2017-09-01","76.72","83.27","1.46","18.29","14.37","12.91","0.71","4.62","55.38","0.34","-0.03","8.37","7.48","7.57","8.6831","1.7908","0.0500","1.8408","3.7036","7467.09","2.1721","236.57","613.40","0.1894","9.0762","0.0412","37.2609","0.0117","0.6050","5.0465","0.0007","0.0395","42.952","43.006","99.876","0.096","7.383"
"78","CB078","T32","base","336596.69","4169932.06","base pt plus extra 8 m NE",,"2017-09-01","76.14","89.10","1.63","19.86","18.56","16.93","0.85","11.05","52.93","0.32","-0.02","8.56","7.51","7.66","4.2213","0.6061","0.0500","0.6561","3.1018","5868.56","1.6898","196.86","287.49","0.0974","8.1574","0.0345","29.2842","0.0091","0.5035","2.3652","0.0004","0.0355","32.188","32.232","99.864","0.107","12.382"
"79","CB079","V32","base","336596.70","4169972.07","base point only",,"2017-09-01","75.90","86.98","1.46","19.48","17.73","16.27","0.84","9.25","53.21","0.26","-0.03","8.57","7.47","7.69","3.4805","0.4169","0.0500","0.4669","2.6324","5546.39","1.1770","132.28","230.66","0.0797","5.1757","0.0293","27.6766","0.0063","0.3383","1.8976","0.0003","0.0225","29.935","29.971","99.880","0.098","14.585"
"80","CB080","V32","extr","336603.46","4169936.71","extra 8 m NE","extra point for 78. 1.5 m SE","2017-09-01","76.59","85.30","1.47","18.48","16.43","14.96","0.81","7.05","53.52","0.40","0.02","8.38","7.37","7.61","5.3741","1.5826","0.3466","1.9292","2.9388","7280.33","1.2920","248.90","351.73","0.3113","4.6784","0.0327","36.3290","0.0069","0.6366","2.8937","0.0011","0.0203","39.880","39.920","99.898","0.082","12.555"
"81","CB081","H34","base","336636.69","4169691.23","base point only",,"2017-09-01","76.76","84.51","1.69","22.07","16.92","15.23","0.69","5.35","56.84","0.46","-0.03","8.79","7.90","7.96","7.0904","2.8962","0.0500","2.9462","2.0031","6288.20","1.1599","336.94","2235.87","0.0742","11.7346","0.0223","31.3783","0.0062","0.8617","18.3947","0.0003","0.0510","50.686","50.714","99.943","0.044","1.706"
"82","CB082","J34","base","336636.80","4169731.20","base pt plus extra 2 m SE",,"2017-09-01","76.45","86.70","1.62","19.93","15.17","13.55","0.68","6.97","56.38","0.54","-0.04","7.89","7.06","7.52","13.3838","2.8195","0.0500","2.8695","4.2047","7526.41","2.2450","135.88","659.23","1.0159","5.6040","0.0468","37.5569","0.0121","0.3475","5.4235","0.0037","0.0244","43.352","43.415","99.856","0.108","6.925"
"83","CB083","J34","extr","336638.20","4169729.80","extra 2 m SE",,"2017-09-01","76.38","86.16","1.44","20.86","19.37","17.93","0.86","8.41","52.93","0.30","-0.01","8.81","7.53","7.71","3.2179","0.6895","0.0545","0.7440","1.9974","4425.34","0.8499","122.11","284.71","0.0317","6.3740","0.0222","22.0825","0.0046","0.3123","2.3423","0.0001","0.0277","24.765","24.792","99.891","0.090","9.428"
"84","CB084","L34","base","336633.77","4169771.23","base point only","3 m W","2017-09-01","75.94","83.87","1.37","20.93","14.72","13.35","0.64","5.06","57.58","0.54","0.03","7.67","6.90","7.38","18.2159","3.9445","0.5653","4.5098","3.0219","11514.12","1.8974","148.33","700.27","0.8439","7.4243","0.0336","57.4557","0.0102","0.3794","5.7612","0.0031","0.0323","63.629","63.675","99.926","0.053","9.973"
"85","CB085","N34","base","336639.29","4169811.58","base pt plus extra 8 m N","2 m E","2017-09-01","75.91","85.69","1.33","19.37","18.23","16.90","0.87","8.53","52.47","0.34","-0.01","8.87","7.54","8.00","3.1400","0.9009","0.0471","0.9479","0.7904","2363.41","0.3725","67.54","203.50","0.0319","5.2368","0.0088","11.7935","0.0020","0.1727","1.6742","0.0001","0.0228","13.663","13.674","99.920","0.064","7.044"
"86","CB086","N34","extr","336640.12","4169816.75","extra 8 m N","on scree field. 4 m SE","2017-09-01","76.32","90.45","1.50","20.72","20.16","18.66","0.90","12.73","52.06","0.32","-0.03","8.93","7.49","8.13","3.4823","0.5257","0.0500","0.5757","1.1751","2126.82","0.3916","71.30","207.90","0.0264","7.4525","0.0131","10.6129","0.0021","0.1824","1.7104","0.0001","0.0324","12.538","12.553","99.878","0.104","6.205"
"87","CB087","P34","base","336636.74","4169851.26","base point only","on scree field. Top 20 cm is rocks.","2017-09-01","76.58","89.41","1.35","18.25","17.33","15.98","0.88","11.23","52.27","0.39","0.08","8.82","7.54","7.91","3.5642","0.9329","0.4823","1.4152","0.8614","3163.97","0.3566","62.69","288.63","0.0134","2.8268","0.0096","15.7883","0.0019","0.1603","2.3746","0.0000","0.0123","18.335","18.347","99.937","0.052","6.649"
"88","CB088","R34","base","336636.62","4169891.08","base pt plus extra 8 m W",,"2017-09-01","76.74","82.76","1.34","18.86","17.47","16.13","0.86","5.15","52.73","0.28","-0.05","8.71","7.45","7.79","3.4010","0.9781","0.0500","1.0281","1.1788","4672.65","0.4853","85.30","159.97","0.0209","2.1806","0.0131","23.3166","0.0026","0.2182","1.3161","0.0001","0.0095","24.860","24.876","99.936","0.053","17.717"
"89","CB089","R34","extr","336628.62","4169891.08","extra 8 m W",,"2017-09-01","76.61","83.21","1.41","19.24","16.35","14.94","0.78","5.12","54.30","0.41","-0.01","8.85","7.71","8.09","2.2615","2.3892","0.0917","2.4810","0.7745","4132.93","0.3498","111.97","474.35","0.0244","1.9499","0.0086","20.6234","0.0019","0.2864","3.9025","0.0001","0.0085","24.821","24.831","99.957","0.035","5.285"
"90","CB090","T34","base","336636.76","4169931.18","base point only",,"2017-09-01","76.24","83.61","1.43","17.70","14.32","12.89","0.73","5.37","54.81","0.61","0.03","8.34","7.36","7.65","9.7849","4.3452","0.5480","4.8932","3.2158","7735.60","1.2819","220.89","638.86","0.1986","1.0335","0.0358","38.6008","0.0069","0.5649","5.2559","0.0007","0.0045","44.426","44.470","99.903","0.080","7.344"
"91","CB091","V34","base","336636.64","4169971.15","base pt plus extra 20 m SE",,"2017-09-01","76.33","88.11","1.43","23.45","21.59","20.16","0.86","10.13","53.29","0.45","0.03","8.66","7.48","7.74","2.3388","1.3971","0.2666","1.6636","2.4150","5145.06","1.1974","112.83","251.46","0.0384","1.7483","0.0269","25.6740","0.0064","0.2886","2.0688","0.0001","0.0076","28.039","28.072","99.881","0.096","12.410"
"92","CB092","V34","extr","336650.74","4169957.05","extra 20 m SE",,"2017-09-01","76.68","82.66","1.31","18.93","16.09","14.78","0.78","4.67","54.15","0.40","0.03","8.79","7.48","7.61","7.9505","2.4645","0.5643","3.0289","1.9678","6767.92","0.6692","202.70","483.94","0.0639","0.9082","0.0219","33.7720","0.0036","0.5184","3.9814","0.0002","0.0040","38.276","38.302","99.933","0.057","8.482"
"93","CB093","H36","base","336676.66","4169690.25","base pt plus extra 2 m S",,"2017-09-01","75.66","83.78","1.36","19.58","17.95","16.59","0.85","6.88","52.99","0.33","0.03","8.79","7.53","7.78","3.7291","1.1206","0.3979","1.5185","1.9621","5479.46","1.0734","183.31","388.97","0.0249","2.1647","0.0218","27.3426","0.0058","0.4688","3.2001","0.0001","0.0094","31.021","31.049","99.911","0.070","8.544"
"94","CB094","H36","extr","336676.66","4169688.25","extra 2 m S",,"2017-09-01","76.10","83.06","1.57","20.35","19.31","17.74","0.87","6.07","52.61","0.29","0.05","8.97","7.51","7.86","2.7888","0.8888","0.6387","1.5275","1.5804","4280.18","0.7464","131.19","318.57","0.0552","0.5996","0.0176","21.3582","0.0040","0.3355","2.6209","0.0002","0.0026","24.317","24.339","99.910","0.072","8.149"
"95","CB095","J36","base","336676.70","4169730.27","base point only",,"2017-09-01","76.58","87.60","1.44","18.08","14.96","13.52","0.75","8.24","54.56","0.33","0.00","8.76","7.38","7.72","3.2879","0.9435","0.1341","1.0776","2.2352","4691.08","1.0710","75.53","331.74","0.1350","0.5900","0.0249","23.4086","0.0058","0.1932","2.7292","0.0005","0.0026","26.334","26.365","99.882","0.094","8.577"
"96","CB096","L36","base","336676.74","4169770.27","base pt plus extra 8 m S",,"2017-09-01","76.17","85.67","1.49","18.56","16.36","14.87","0.80","7.61","53.69","0.47","0.03","8.26","7.27","7.56","7.3093","1.9645","0.3926","2.3572","3.5320","7217.70","1.6465","113.88","477.42","0.3743","1.7729","0.0393","36.0165","0.0088","0.2912","3.9278","0.0014","0.0077","40.243","40.293","99.877","0.098","9.170"
"97","CB097","L36","extr","336676.74","4169762.27","extra 8 m S",,"2017-09-01","76.23","86.57","1.41","20.03","17.13","15.72","0.78","8.12","54.31","0.51","0.28","8.28","7.29","7.57","7.3756","2.1650","1.9988","4.1638","2.8591","7380.04","1.4284","139.74","435.23","0.4246","3.2782","0.0318","36.8265","0.0077","0.3574","3.5807","0.0015","0.0143","40.779","40.820","99.900","0.078","10.285"
"98","CB098","N36","base","336676.74","4169808.32","base point only","2 m S","2017-09-01","76.29","85.44","1.36","23.75","20.80","19.44","0.82","7.49","54.31","0.44","-0.05","9.01","7.42","7.67","3.3466","1.8455","0.0500","1.8955","2.7551","3265.58","1.2544","67.75","265.33","0.0832","2.5501","0.0306","16.2953","0.0067","0.1733","2.1829","0.0003","0.0111","18.663","18.700","99.799","0.164","7.465"
"99","CB099","P36","base","336676.63","4169850.20","base pt plus extra 2 m S",,"2017-09-01","76.44","91.35","1.40","20.80","20.13","18.73","0.90","13.43","52.07","0.32","-0.01","9.21","7.69","8.12","1.9887","0.4945","0.0563","0.5508","1.7330","1602.68","0.7391","88.66","235.86","0.1256","0.1000","0.0193","7.9974","0.0040","0.2268","1.9405","0.0005","0.0001","10.165","10.188","99.767","0.189","4.121"
"100","CB100","P36","extr","336676.63","4169848.20","extra 2 m S",,"2017-09-01","76.01","92.16","1.18","19.52","18.77","17.59","0.90","14.55","51.93","0.45","0.02","9.32","7.68","8.26","3.5731","0.9260","0.1379","1.0639","1.2529","1807.38","0.5536","79.50","235.87","0.0625","0.1530","0.0139","9.0189","0.0030","0.2033","1.9405","0.0002","0.0007","11.163","11.180","99.847","0.125","4.648"
"101","CB101","R36","base","336676.66","4169902.22","base pt only","12 m N","2017-09-01","76.18","87.63","1.34","18.77","17.35","16.01","0.85","9.77","52.76","0.32","0.07","8.77","7.50","8.01","1.5810","0.7158","0.5168","1.2326","0.1000","3667.36","0.1000","107.40","299.42","0.0354","3.4540","0.0100","18.3002","0.0000","0.2747","2.4633","0.0001","0.0150","21.053","21.053","99.999","0.000","7.429"
"102","CB102","T36","base","336676.65","4169930.19","base pt plus extra 8 m W",,"2017-09-01","75.87","84.48","1.40","18.49","15.01","13.61","0.74","6.34","54.88","0.42","0.02","8.49","7.41","7.72","2.9505","1.9787","0.3607","2.3394","1.4268","7189.01","0.8906","170.71","518.75","0.2028","3.0184","0.0159","35.8733","0.0048","0.4366","4.2678","0.0007","0.0131","40.591","40.612","99.947","0.039","8.406"
"103","CB103","T36","extr","336668.65","4169930.19","extra 8 m W",,"2017-09-01","76.30","83.00","1.35","20.60","18.07","16.72","0.81","5.44","53.88","0.40","0.03","8.67","7.54","7.80","2.2266","2.1451","0.4920","2.6371","1.1059","5678.30","0.6294","157.79","548.72","0.1548","5.2275","0.0123","28.3348","0.0034","0.4036","4.5144","0.0006","0.0227","33.276","33.292","99.951","0.037","6.277"
"104","CB104","V36","base","336676.61","4169970.22","base point only",,"2017-09-01","75.69","82.68","1.43","18.27","16.80","15.37","0.84","5.88","52.90","0.38","0.02","8.76","7.35","7.70","1.9280","1.7137","0.3838","2.0975","1.2263","5170.00","0.1905","127.85","183.88","0.1111","3.2770","0.0136","25.7984","0.0010","0.3270","1.5128","0.0004","0.0143","27.652","27.667","99.946","0.049","17.054"
"105","CB105","H38","base","336716.66","4169689.39","base point only","off cliff, unobtainable","2017-09-01","76.74",NULL,NULL,NULL,NULL,NULL,NULL,NULL,NULL,NULL,NULL,NULL,NULL,NULL,NULL,NULL,NULL,NULL,NULL,NULL,NULL,NULL,NULL,NULL,NULL,NULL,NULL,NULL,NULL,NULL,NULL,NULL,NULL,NULL,NULL,NULL,NULL
"106","CB106","J38","base","336716.69","4169729.42","base pt plus extra 2 m N",,"2017-09-01","76.18","82.76","1.33","17.98","15.72","14.39","0.80","5.27","53.59","0.30","0.00","8.45","7.40","7.73","1.8379","1.1855","0.1722","1.3577","0.4394","6404.35","0.3210","133.60","276.48","0.1793","7.0091","0.0049","31.9578","0.0017","0.3417","2.2746","0.0007","0.0305","34.605","34.612","99.979","0.014","14.050"
"107","CB107","J38","extr","336716.69","4169731.42","extra 2 m N",,"2017-09-01","76.04","85.06","1.30","20.57","16.13","14.83","0.72","6.50","55.74","0.45","0.01","8.23","7.28","7.64","2.7563","2.2586","0.2799","2.5385","1.6878","6976.52","0.6428","139.45","591.19","0.3440","7.3341","0.0188","34.8130","0.0035","0.3567","4.8638","0.0013","0.0319","40.065","40.089","99.941","0.047","7.158"
"108","CB108","L38","base","336716.62","4169769.42","base point only",,"2017-09-01","76.31","85.18","1.50","21.45","19.71","18.21","0.85","7.53","53.24","0.29","0.02","8.94","7.48","7.84","0.9159","0.7176","0.2592","0.9768","0.1000","4289.54","0.1000","77.66","237.72","0.0168","5.1690","0.0100","21.4049","0.0000","0.1986","1.9557","0.0001","0.0225","23.582","23.582","100.000","0.000","10.945"
"109","CB109","N38","base","336716.67","4169809.50","base pt plus extra 20 m NE",,"2017-09-01","76.83","85.94","1.45","20.53","19.74","18.29","0.89","8.12","52.24","0.32","-0.02","9.02","7.64","8.20","0.4856","0.8786","0.0500","0.9286","0.1000","2230.89","2.4794","84.53","259.09","0.0694","7.9312","0.0100","11.1322","0.0133","0.2162","2.1316","0.0003","0.0345","13.514","13.529","99.892","0.008","5.223"
"110","CB110","N38","extr","336730.77","4169823.60","extra 20 m NE",,"2017-09-01","76.49","85.24","1.34","20.40","19.45","18.11","0.89","7.77","52.29","0.22","0.05","8.95","7.71","8.24","0.5172","0.2053","0.5026","0.7079","0.1000","2125.97","0.1000","86.82","307.05","0.0464","11.7320","0.0100","10.6086","0.0000","0.2220","2.5261","0.0002","0.0510","13.408","13.408","99.999","0.000","4.199"
"111","CB111","P38","base","336716.74","4169849.44","base point only",,"2017-09-01","76.63","86.87","1.47","21.86","20.75","19.28","0.88","9.03","52.58","0.26","0.07","9.25","7.75","8.12","0.7528","0.4396","0.5103","0.9499","0.1000","2816.16","0.1000","171.68","523.09","0.0667","10.3002","0.0100","14.0527","0.0000","0.4391","4.3035","0.0002","0.0448","18.840","18.840","99.999","0.000","3.265"
"112","CB112","R38","base","336716.66","4169889.39","base pt plus extra 20 m NW","off cliff, unobtainable","2017-09-01","76.07",NULL,NULL,NULL,NULL,NULL,NULL,NULL,NULL,NULL,NULL,NULL,NULL,NULL,NULL,NULL,NULL,NULL,NULL,NULL,NULL,NULL,NULL,NULL,NULL,NULL,NULL,NULL,NULL,NULL,NULL,NULL,NULL,NULL,NULL,NULL,NULL
"113","CB113","R38","extr","336699.73","4169906.32","extra 20 m NW","4 m NW. Top 7 cm is pink, below is grey.","2017-09-01","75.30","85.27","1.40","22.28","21.05","19.65","0.88","8.79","52.63","0.21","0.02","9.30","8.04","8.55","0.2423","0.1526","0.2733","0.4259","0.1000","1439.04","0.1000","57.41","229.98","0.0161","6.6300","0.0100","7.1808","0.0000","0.1468","1.8921","0.0001","0.0288","9.249","9.249","99.999","0.000","3.795"
"114","CB114","T38","base","336716.61","4169928.93","base point only",,"2017-09-01","76.14","84.91","1.34","20.72","19.24","17.90","0.86","7.58","52.82","0.28","0.04","9.11","7.68","8.11","0.7250","0.6449","0.4089","1.0538","0.1000","2523.56","0.5411","97.85","282.79","0.0410","4.4811","0.0100","12.5926","0.0029","0.2502","2.3265","0.0001","0.0195","15.189","15.192","99.980","0.000","5.413"
"115","CB115","V38","base","336716.63","4169969.36","base pt plus extra 8 m W",,"2017-09-01","75.95","81.45","1.32","18.45","14.09","12.77","0.69","3.81","55.68","0.51","0.04","7.25","6.83","6.49","5.5952","4.7317","0.9457","5.6774","2.4544","7956.65","0.7488","168.65","696.55","2.6240","4.0686","0.0273","39.7039","0.0040","0.4313","5.7306","0.0096","0.0177","45.883","45.924","99.911","0.059","6.928"
"116","CB116","V38","extr","336708.63","4169969.36","extra 8 m W",,"2017-09-01","76.52","84.33","1.50","18.41","14.27","12.77","0.69","5.42","55.64","0.53","0.04","8.14","7.19","7.15","8.1542","3.5074","0.5819","4.0894","2.5473","8702.43","0.6662","326.51","674.64","0.2084","5.3775","0.0283","43.4253","0.0036","0.8351","5.5503","0.0008","0.0234","49.834","49.867","99.934","0.057","7.824"
"117","CB117","J40","base","336736.66","4169728.57","base point only","20 m W","2017-09-01","75.84","89.00","1.45","19.62","18.41","16.96","0.86","11.38","52.66","0.53","0.22","8.73","7.61","7.79","2.2583","1.5716","1.1418","2.7134","0.7364","5479.22","0.2184","209.81","447.28","0.0496","5.8845","0.0082","27.3414","0.0012","0.5366","3.6798","0.0002","0.0256","31.583","31.593","99.970","0.026","7.430"
"118","CB118","L40","base","336736.66","4169768.57","base pt plus extra 20 m NW","10 m W","2017-09-01","76.08","91.71","1.54","20.04","18.77","17.23","0.86","13.44","52.81","0.26","0.02","8.80","7.57","7.83","0.8585","0.2731","0.1676","0.4408","0.6721","4105.00","0.4530","92.95","398.78","0.1337","3.2975","0.0075","20.4840","0.0024","0.2377","3.2808","0.0005","0.0143","24.017","24.027","99.957","0.031","6.244"
"119","CB119","L40","extr","336742.56","4169782.67","extra 20 m NW",,"2017-09-01","76.17","92.67","1.53","21.56","19.51","17.98","0.83","13.76","53.58","0.31","0.05","8.83","7.71","8.05","0.9960","0.4809","0.2829","0.7638","1.1510","2652.39","0.3639","84.50","261.68","0.1358","2.9671","0.0128","13.2355","0.0020","0.2161","2.1528","0.0005","0.0129","15.617","15.633","99.903","0.082","6.148"
"120","CB120","N40","base","336736.66","4169808.57","base point only","20 m W","2017-09-01","76.20","85.87","1.40","20.96","21.26","19.86","0.95","9.16","51.10","0.20","0.02","9.01","7.66","8.13","0.4915","0.0586","0.2491","0.3076","0.7003","2375.24","0.1000","85.69","352.23","0.1037","3.0725","0.0078","11.8525","0.0000","0.2192","2.8978","0.0004","0.0134","14.983","14.991","99.945","0.052","4.090"
"121","CB121","P40","base","336741.66","4169843.57","base pt plus extra 2 m W","15 m W and 5 m S","2017-09-01","76.75","89.62","1.52","20.76","20.20","18.68","0.90","11.58","52.08","0.22","0.14","9.18","7.71","7.94","0.1272","0.1372","0.7360","0.8732","1.4602","6322.16","0.5590","116.33","540.68","0.4621","1.5047","0.0162","31.5477","0.0030","0.2975","4.4482","0.0017","0.0065","36.300","36.321","99.942","0.045","7.092"
"122","CB122","P40","extr","336737.66","4169843.57","extra 2 m W","17 m W and 5 m S","2017-09-01","76.33","87.76","1.52","19.07","17.65","16.13","0.85","9.67","52.94","0.21","0.10","9.26","7.69","8.12","0.2556","0.1232","0.6936","0.8168","2.1273","4811.14","0.6869","106.41","530.99","0.5099","2.9035","0.0237","24.0077","0.0037","0.2721","4.3685","0.0019","0.0126","28.661","28.690","99.898","0.082","5.496"
"123","CB123","R40","base","336756.66","4169888.57","base point only",,"2017-09-01","76.60","85.82","1.43","19.46","18.76","17.33","0.89","8.21","52.13","0.20","0.12","9.15","7.75","8.35","0.5072","0.0857","0.8740","0.9597","1.4526","1560.96","0.4150","113.88","334.00","0.0308","2.4788","0.0162","7.7892","0.0022","0.2912","2.7479","0.0001","0.0108","10.839","10.858","99.830","0.149","2.835"
"124","CB124","T40","base","336756.65","4169928.51","base pt plus extra 8 m S",,"2017-09-01","76.55","84.23","1.59","16.12","12.35","10.76","0.67","5.13","55.36","0.65","-0.04","7.98","7.28","7.62","14.4832","4.9838","0.0500","5.0338","2.7134","8074.05","0.4028","254.91","861.99","0.6166","5.1341","0.0302","40.2897","0.0022","0.6519","7.0916","0.0022","0.0223","48.056","48.090","99.928","0.063","5.681"
"125","CB125","T40","extr","336756.65","4169920.51","extra 8 m S",,"2017-09-01","76.36","84.77","1.50","20.11","15.82","14.32","0.71","5.99","55.79","0.42","-0.02","8.73","7.54","7.62","6.1240","2.1567","0.0500","2.2067","2.3850","6072.71","0.2739","232.92","412.13","0.0662","3.8477","0.0265","30.3029","0.0015","0.5957","3.3907","0.0002","0.0167","34.306","34.334","99.918","0.077","8.937"
"126","CB126","V40","base","336756.65","4169968.52","base point only",,"2017-09-01","76.32","86.64","1.40","20.82","16.24","14.84","0.71","7.36","55.98","0.44","0.04","7.18","6.50","6.81","16.6899","1.9520","0.4388","2.3908","2.7225","7439.22","0.9347","233.86","669.98","1.0025","7.6144","0.0303","37.1219","0.0050","0.5981","5.5120","0.0036","0.0331","43.265","43.304","99.910","0.070","6.735"
"127","CB127","R42","base","336796.65","4169892.74","base pt plus extra 20 m W","5 m N","2017-09-01","75.96","87.98","1.59","21.45","20.63","19.04","0.89","10.67","52.41","0.20","0.04","9.09","7.73","8.15","0.1887","0.0500","0.2832","0.3332","1.9849","1995.09","0.5247","137.72","581.77","0.0100","4.5031","0.0221","9.9556","0.0028","0.3522","4.7863","0.0000","0.0196","15.114","15.139","99.836","0.146","2.080"
"128","CB128","R42","extr","336776.65","4169892.74","extra 20 m W","5 m N","2017-09-01","76.09","85.91","1.50","20.57","19.90","18.40","0.89","8.78","52.17","0.25","0.00","9.09","7.77","8.35","0.0000","0.3653","0.1019","0.4672","0.6902","1612.35","0.7904","69.94","191.63","0.0156","4.4480","0.0077","8.0456","0.0042","0.1789","1.5765","0.0001","0.0193","9.820","9.832","99.878","0.078","5.103"
"129","CB129","T42","base","336796.68","4169927.70","base point only",,"2017-09-01","75.57","86.44","1.36","19.37","17.41","16.05","0.83","9.01","53.32","0.28","-0.03","8.77","7.49","7.89","2.1949","0.5594","0.0500","0.6094","2.3486","3347.72","0.7441","135.07","323.29","0.1223","7.4599","0.0261","16.7052","0.0040","0.3455","2.6597","0.0004","0.0324","19.743","19.773","99.846","0.132","6.281"
"130","CB130","V42","base","336796.65","4169967.79","base pt plus extra 2 m NE","20 cm O horizon","2017-09-01","76.02","82.02","1.53","18.33","14.60","13.07","0.71","4.28","55.26","0.44","-0.02","8.00","7.14","7.53","7.5538","3.2356","0.0500","3.2856","2.4952","8232.17","0.9588","174.99","950.03","0.5650","6.2619","0.0277","41.0787","0.0052","0.4475","7.8160","0.0021","0.0272","49.369","49.404","99.929","0.056","5.256"
"131","CB131","V42","extr","336798.05","4169969.19","extra 2 m NE","10 cm O horizon","2017-09-01","76.77","82.48","1.54","18.01","14.26","12.72","0.71","4.03","55.29","0.65","0.04","8.04","7.22","7.37","13.5643","6.3683","0.7768","7.1451","2.0842","8734.97","0.8024","220.53","969.25","0.5686","7.4548","0.0232","43.5876","0.0043","0.5640","7.9740","0.0021","0.0324","52.158","52.188","99.943","0.044","5.466"
"132","CB132","R44","base","336836.66","4169886.91","base point only","off cliff, unobtainable","2017-09-01","76.41",NULL,NULL,NULL,NULL,NULL,NULL,NULL,NULL,NULL,NULL,NULL,NULL,NULL,NULL,NULL,NULL,NULL,NULL,NULL,NULL,NULL,NULL,NULL,NULL,NULL,NULL,NULL,NULL,NULL,NULL,NULL,NULL,NULL,NULL,NULL,NULL
"133","CB133","T44","base","336836.66","4169926.91","base pt plus extra 8 m NW",,"2017-09-01","76.21","87.94","1.62","20.62","18.46","16.84","0.82","9.58","53.78","0.26","-0.02","9.19","7.73","8.31","0.5732","0.3733","0.0500","0.4233","1.3673","1494.39","0.5893","83.84","341.52","0.0100","5.7771","0.0152","7.4570","0.0032","0.2144","2.8097","0.0000","0.0251","10.506","10.525","99.825","0.144","2.654"
"134","CB134","T44","extr","336830.96","4169932.61","extra 8 m NW",,"2017-09-01","76.58","95.53","1.46","17.81","17.08","15.62","0.88","16.62","52.19","0.32","0.08","9.00","7.77","8.07","1.3335","0.3972","0.3035","0.7008","1.1789","2425.05","0.6166","94.29","464.03","0.0534","4.6458","0.0131","12.1010","0.0033","0.2412","3.8176","0.0002","0.0202","16.180","16.197","99.897","0.081","3.170"
"135","CB135","V44","base","336836.64","4169966.88","base point only",,"2017-09-01","76.51","81.46","1.43","19.10","14.29","12.86","0.67","3.33","56.24","0.43","-0.02","8.09","7.26","7.56","9.7418","4.0077","0.0500","4.0577","1.5269","7103.76","0.5742","199.99","426.16","0.1959","0.5024","0.0170","35.4479","0.0031","0.5115","3.5061","0.0007","0.0022","39.468","39.488","99.947","0.043","10.110"
NULL,"P1",,,NULL,NULL,"0-9",NULL,"2017-09-01",NULL,NULL,NULL,NULL,"28.87",NULL,NULL,NULL,NULL,NULL,NULL,NULL,NULL,NULL,NULL,NULL,NULL,NULL,NULL,NULL,NULL,NULL,NULL,NULL,NULL,NULL,NULL,NULL,NULL,NULL,NULL,NULL,NULL,NULL,NULL,NULL,NULL
NULL,"P1",,,NULL,NULL,"22-50",NULL,"2017-09-01",NULL,NULL,NULL,NULL,"29.14",NULL,NULL,NULL,NULL,NULL,NULL,NULL,NULL,NULL,NULL,NULL,NULL,NULL,NULL,NULL,NULL,NULL,NULL,NULL,NULL,NULL,NULL,NULL,NULL,NULL,NULL,NULL,NULL,NULL,NULL,NULL,NULL
NULL,"P1",,,NULL,NULL,"50-73",NULL,"2017-09-01",NULL,NULL,NULL,NULL,"29.52",NULL,NULL,NULL,NULL,NULL,NULL,NULL,NULL,NULL,NULL,NULL,NULL,NULL,NULL,NULL,NULL,NULL,NULL,NULL,NULL,NULL,NULL,NULL,NULL,NULL,NULL,NULL,NULL,NULL,NULL,NULL,NULL
NULL,"P1",,,NULL,NULL,"73-84",NULL,"2017-09-01",NULL,NULL,NULL,NULL,"25.19",NULL,NULL,NULL,NULL,NULL,NULL,NULL,NULL,NULL,NULL,NULL,NULL,NULL,NULL,NULL,NULL,NULL,NULL,NULL,NULL,NULL,NULL,NULL,NULL,NULL,NULL,NULL,NULL,NULL,NULL,NULL,NULL
NULL,"P1",,,NULL,NULL,"84-103",NULL,"2017-09-01",NULL,NULL,NULL,NULL,"31.24",NULL,NULL,NULL,NULL,NULL,NULL,NULL,NULL,NULL,NULL,NULL,NULL,NULL,NULL,NULL,NULL,NULL,NULL,NULL,NULL,NULL,NULL,NULL,NULL,NULL,NULL,NULL,NULL,NULL,NULL,NULL,NULL
NULL,"P1",,,NULL,NULL,"9-22",NULL,"2017-09-01",NULL,NULL,NULL,NULL,"29.34",NULL,NULL,NULL,NULL,NULL,NULL,NULL,NULL,NULL,NULL,NULL,NULL,NULL,NULL,NULL,NULL,NULL,NULL,NULL,NULL,NULL,NULL,NULL,NULL,NULL,NULL,NULL,NULL,NULL,NULL,NULL,NULL
NULL,"P2",,,NULL,NULL,"0-9",NULL,"2017-09-01",NULL,NULL,NULL,NULL,"23.90",NULL,NULL,NULL,NULL,NULL,NULL,NULL,NULL,NULL,NULL,NULL,NULL,NULL,NULL,NULL,NULL,NULL,NULL,NULL,NULL,NULL,NULL,NULL,NULL,NULL,NULL,NULL,NULL,NULL,NULL,NULL,NULL
NULL,"P2",,,NULL,NULL,"29-50",NULL,"2017-09-01",NULL,NULL,NULL,NULL,"34.66",NULL,NULL,NULL,NULL,NULL,NULL,NULL,NULL,NULL,NULL,NULL,NULL,NULL,NULL,NULL,NULL,NULL,NULL,NULL,NULL,NULL,NULL,NULL,NULL,NULL,NULL,NULL,NULL,NULL,NULL,NULL,NULL
NULL,"P2",,,NULL,NULL,"50-65",NULL,"2017-09-01",NULL,NULL,NULL,NULL,"27.03",NULL,NULL,NULL,NULL,NULL,NULL,NULL,NULL,NULL,NULL,NULL,NULL,NULL,NULL,NULL,NULL,NULL,NULL,NULL,NULL,NULL,NULL,NULL,NULL,NULL,NULL,NULL,NULL,NULL,NULL,NULL,NULL
NULL,"P2",,,NULL,NULL,"65-110",NULL,"2017-09-01",NULL,NULL,NULL,NULL,"27.42",NULL,NULL,NULL,NULL,NULL,NULL,NULL,NULL,NULL,NULL,NULL,NULL,NULL,NULL,NULL,NULL,NULL,NULL,NULL,NULL,NULL,NULL,NULL,NULL,NULL,NULL,NULL,NULL,NULL,NULL,NULL,NULL
NULL,"P2",,,NULL,NULL,"9-29",NULL,"2017-09-01",NULL,NULL,NULL,NULL,"25.74",NULL,NULL,NULL,NULL,NULL,NULL,NULL,NULL,NULL,NULL,NULL,NULL,NULL,NULL,NULL,NULL,NULL,NULL,NULL,NULL,NULL,NULL,NULL,NULL,NULL,NULL,NULL,NULL,NULL,NULL,NULL,NULL
NULL,"P3",,,NULL,NULL,"0-4",NULL,"2017-09-01",NULL,NULL,NULL,NULL,"12.86",NULL,NULL,NULL,NULL,NULL,NULL,NULL,NULL,NULL,NULL,NULL,NULL,NULL,NULL,NULL,NULL,NULL,NULL,NULL,NULL,NULL,NULL,NULL,NULL,NULL,NULL,NULL,NULL,NULL,NULL,NULL,NULL
NULL,"P3",,,NULL,NULL,"20-41",NULL,"2017-09-01",NULL,NULL,NULL,NULL,"31.99",NULL,NULL,NULL,NULL,NULL,NULL,NULL,NULL,NULL,NULL,NULL,NULL,NULL,NULL,NULL,NULL,NULL,NULL,NULL,NULL,NULL,NULL,NULL,NULL,NULL,NULL,NULL,NULL,NULL,NULL,NULL,NULL
NULL,"P3",,,NULL,NULL,"4-20",NULL,"2017-09-01",NULL,NULL,NULL,NULL,"25.57",NULL,NULL,NULL,NULL,NULL,NULL,NULL,NULL,NULL,NULL,NULL,NULL,NULL,NULL,NULL,NULL,NULL,NULL,NULL,NULL,NULL,NULL,NULL,NULL,NULL,NULL,NULL,NULL,NULL,NULL,NULL,NULL
NULL,"P3",,,NULL,NULL,"41-71",NULL,"2017-09-01",NULL,NULL,NULL,NULL,"31.91",NULL,NULL,NULL,NULL,NULL,NULL,NULL,NULL,NULL,NULL,NULL,NULL,NULL,NULL,NULL,NULL,NULL,NULL,NULL,NULL,NULL,NULL,NULL,NULL,NULL,NULL,NULL,NULL,NULL,NULL,NULL,NULL
NULL,"P3",,,NULL,NULL,"71-125",NULL,"2017-09-01",NULL,NULL,NULL,NULL,"33.76",NULL,NULL,NULL,NULL,NULL,NULL,NULL,NULL,NULL,NULL,NULL,NULL,NULL,NULL,NULL,NULL,NULL,NULL,NULL,NULL,NULL,NULL,NULL,NULL,NULL,NULL,NULL,NULL,NULL,NULL,NULL,NULL
NULL,"P4",,,NULL,NULL,"0-3",NULL,"2017-09-01",NULL,NULL,NULL,NULL,"13.11",NULL,NULL,NULL,NULL,NULL,NULL,NULL,NULL,NULL,NULL,NULL,NULL,NULL,NULL,NULL,NULL,NULL,NULL,NULL,NULL,NULL,NULL,NULL,NULL,NULL,NULL,NULL,NULL,NULL,NULL,NULL,NULL
NULL,"P4",,,NULL,NULL,"25-43",NULL,"2017-09-01",NULL,NULL,NULL,NULL,"29.20",NULL,NULL,NULL,NULL,NULL,NULL,NULL,NULL,NULL,NULL,NULL,NULL,NULL,NULL,NULL,NULL,NULL,NULL,NULL,NULL,NULL,NULL,NULL,NULL,NULL,NULL,NULL,NULL,NULL,NULL,NULL,NULL
NULL,"P4",,,NULL,NULL,"3-9",NULL,"2017-09-01",NULL,NULL,NULL,NULL,"32.54",NULL,NULL,NULL,NULL,NULL,NULL,NULL,NULL,NULL,NULL,NULL,NULL,NULL,NULL,NULL,NULL,NULL,NULL,NULL,NULL,NULL,NULL,NULL,NULL,NULL,NULL,NULL,NULL,NULL,NULL,NULL,NULL
NULL,"P4",,,NULL,NULL,"9-25",NULL,"2017-09-01",NULL,NULL,NULL,NULL,"26.10",NULL,NULL,NULL,NULL,NULL,NULL,NULL,NULL,NULL,NULL,NULL,NULL,NULL,NULL,NULL,NULL,NULL,NULL,NULL,NULL,NULL,NULL,NULL,NULL,NULL,NULL,NULL,NULL,NULL,NULL,NULL,NULL
NULL,"P4",,,NULL,NULL,"Oi layer",NULL,"2017-09-01",NULL,NULL,NULL,NULL,"5.23",NULL,NULL,NULL,NULL,NULL,NULL,NULL,NULL,NULL,NULL,NULL,NULL,NULL,NULL,NULL,NULL,NULL,NULL,NULL,NULL,NULL,NULL,NULL,NULL,NULL,NULL,NULL,NULL,NULL,NULL,NULL,NULL
NULL,"P5",,,NULL,NULL,"0-11",NULL,"2017-09-01",NULL,NULL,NULL,NULL,"24.94",NULL,NULL,NULL,NULL,NULL,NULL,NULL,NULL,NULL,NULL,NULL,NULL,NULL,NULL,NULL,NULL,NULL,NULL,NULL,NULL,NULL,NULL,NULL,NULL,NULL,NULL,NULL,NULL,NULL,NULL,NULL,NULL
NULL,"P5",,,NULL,NULL,"11-39",NULL,"2017-09-01",NULL,NULL,NULL,NULL,"31.62",NULL,NULL,NULL,NULL,NULL,NULL,NULL,NULL,NULL,NULL,NULL,NULL,NULL,NULL,NULL,NULL,NULL,NULL,NULL,NULL,NULL,NULL,NULL,NULL,NULL,NULL,NULL,NULL,NULL,NULL,NULL,NULL
NULL,"P5",,,NULL,NULL,"39-70",NULL,"2017-09-01",NULL,NULL,NULL,NULL,"34.69",NULL,NULL,NULL,NULL,NULL,NULL,NULL,NULL,NULL,NULL,NULL,NULL,NULL,NULL,NULL,NULL,NULL,NULL,NULL,NULL,NULL,NULL,NULL,NULL,NULL,NULL,NULL,NULL,NULL,NULL,NULL,NULL
NULL,"P5",,,NULL,NULL,"70-130",NULL,"2017-09-01",NULL,NULL,NULL,NULL,"23.75",NULL,NULL,NULL,NULL,NULL,NULL,NULL,NULL,NULL,NULL,NULL,NULL,NULL,NULL,NULL,NULL,NULL,NULL,NULL,NULL,NULL,NULL,NULL,NULL,NULL,NULL,NULL,NULL,NULL,NULL,NULL,NULL
NULL,"P6",,,NULL,NULL,"0-8",NULL,"2017-09-01",NULL,NULL,NULL,NULL,"24.52",NULL,NULL,NULL,NULL,NULL,NULL,NULL,NULL,NULL,NULL,NULL,NULL,NULL,NULL,NULL,NULL,NULL,NULL,NULL,NULL,NULL,NULL,NULL,NULL,NULL,NULL,NULL,NULL,NULL,NULL,NULL,NULL
NULL,"P6",,,NULL,NULL,"16-36",NULL,"2017-09-01",NULL,NULL,NULL,NULL,"28.08",NULL,NULL,NULL,NULL,NULL,NULL,NULL,NULL,NULL,NULL,NULL,NULL,NULL,NULL,NULL,NULL,NULL,NULL,NULL,NULL,NULL,NULL,NULL,NULL,NULL,NULL,NULL,NULL,NULL,NULL,NULL,NULL
NULL,"P6",,,NULL,NULL,"8-16",NULL,"2017-09-01",NULL,NULL,NULL,NULL,"21.50",NULL,NULL,NULL,NULL,NULL,NULL,NULL,NULL,NULL,NULL,NULL,NULL,NULL,NULL,NULL,NULL,NULL,NULL,NULL,NULL,NULL,NULL,NULL,NULL,NULL,NULL,NULL,NULL,NULL,NULL,NULL,NULL
